{"features": {"sensor_00": {"min": 0.0019675929999999, "max": 2.519502}, "sensor_01": {"min": 34.461803436279304, "max": 54.12326}, "sensor_02": {"min": 34.7222213745117, "max": 54.861110687255895}, "sensor_03": {"min": 34.2881927490234, "max": 47.265625}, "sensor_04": {"min": 3.14525437355042, "max": 649.5369999999999}, "sensor_05": {"min": 0.0, "max": 99.9998779296875}, "sensor_06": {"min": 0.0289351847022772, "max": 15.19821}, "sensor_07": {"min": 0.0361689813435078, "max": 17.62876}, "sensor_08": {"min": 0.0289351847022772, "max": 17.21643}, "sensor_09": {"min": 0.0072337961755693, "max": 16.6305}, "sensor_10": {"min": 0.224098, "max": 55.32651}, "sensor_11": {"min": 0.0, "max": 57.10598}, "sensor_12": {"min": 0.0, "max": 40.30037}, "sensor_13": {"min": 0.0, "max": 21.76899}, "sensor_14": {"min": 36.583549499511705, "max": 430.729218}, "sensor_16": {"min": 6.847740440000001, "max": 471.0669199999999}, "sensor_17": {"min": 0.0, "max": 565.0550509999993}, "sensor_18": {"min": 0.0, "max": 3.7914556699999893}, "sensor_19": {"min": 0.0, "max": 678.466594}, "sensor_20": {"min": 57.194111199999995, "max": 406.7244}, "sensor_21": {"min": 125.34368099999999, "max": 900.5430289999999}, "sensor_22": {"min": 0.0, "max": 543.959062}, "sensor_23": {"min": 65.6015174, "max": 1110.146}, "sensor_24": {"min": 0.0, "max": 660.5245170000001}, "sensor_25": {"min": 0.0, "max": 781.666719}, "sensor_26": {"min": 79.7226943969727, "max": 988.6158470000006}, "sensor_27": {"min": 81.8541294, "max": 1152.6956699999998}, "sensor_28": {"min": 52.4809211, "max": 1259.05894}, "sensor_29": {"min": 2.54629683494568, "max": 1028.07018}, "sensor_30": {"min": 76.38889, "max": 928.4351599999924}, "sensor_31": {"min": 88.54166, "max": 1800.0}, "sensor_32": {"min": 92.88038630000001, "max": 1492.89582}, "sensor_33": {"min": 45.64752, "max": 829.0803020000001}, "sensor_34": {"min": 61.787085700000006, "max": 379.902152}, "sensor_35": {"min": 44.186018100000005, "max": 694.4791}, "sensor_36": {"min": 57.6476392, "max": 917.167904}, "sensor_37": {"min": 0.0, "max": 134.717408}, "sensor_38": {"min": 25.26042, "max": 74.21875}, "sensor_39": {"min": 21.09375, "max": 60.9375}, "sensor_40": {"min": 26.0416660308838, "max": 128.125}, "sensor_41": {"min": 21.875, "max": 48.17708}, "sensor_42": {"min": 23.958332061767603, "max": 45.83333}, "sensor_43": {"min": 26.5624980926514, "max": 67.70833}, "sensor_44": {"min": 27.48843, "max": 83.91203}, "sensor_45": {"min": 27.7777786254883, "max": 94.3287}, "sensor_46": {"min": 28.067129135131804, "max": 105.3241}, "sensor_47": {"min": 28.6458339691162, "max": 84.20139}, "sensor_48": {"min": 27.77778, "max": 364.8727}, "sensor_49": {"min": 28.067129135131804, "max": 127.3148}, "sensor_50": {"min": 28.06713, "max": 296.5856}, "sensor_51": {"min": 30.9606475830078, "max": 1000.0}}, "target": {"BROKEN": 0, "NORMAL": 1, "MAINTENANCE": 2}}